{"cameraMode":{"drawMode":0,"name":"Shaded","section":"Shading Mode"},"sceneLighting":true,"audioPlay":false,"sceneViewState":{"m_AlwaysRefresh":false,"showFog":true,"showSkybox":true,"showFlares":true,"showImageEffects":true,"showParticleSystems":true,"showVisualEffectGraphs":true,"m_FxEnabled":true},"in2DMode":false,"pivot":{"x":16.948680877685548,"y":0.18332841992378236,"z":-1.6805994510650635},"rotation":{"x":0.022772200405597688,"y":0.7292548418045044,"z":-0.02430253103375435,"w":0.6834489107131958},"size":11.90103816986084,"orthographic":false}